<?xml version="1.0" encoding="UTF-8"?>
<gresources>
  <gresource prefix="/org/midori_browser/Midori">
    <file>icons/16x16/apps/org.midori_browser.Midori.png</file>
    <file>icons/22x22/apps/org.midori_browser.Midori.png</file>
    <file>icons/scalable/apps/org.midori_browser.Midori.svg</file>
    <file>icons/index.theme</file>
  </gresource>
  <gresource prefix="/org/midori_browser/Midori/gtk">
    <file compressed="true" preprocess="xml-stripblanks" alias="menus.ui">ui/menus.ui</file>
    <file compressed="true" preprocess="xml-stripblanks" alias="help-overlay.ui">ui/shortcuts.ui</file>
  </gresource>
  <gresource prefix="/">
    <file compressed="true">data/about.css</file>
    <file compressed="true">data/error.html</file>
    <file compressed="true">data/speed-dial.html</file>
    <file compressed="true">data/gtk3.css</file>
    <file compressed="true">data/logo-shade.svg</file>
    <file compressed="true">data/web-extension-api.js</file>
    <file compressed="true">data/bookmarks/Create.sql</file>
    <file compressed="true">data/history/Create.sql</file>
    <file compressed="true">data/history/Day.sql</file>
    <file compressed="true">data/history/Update1.sql</file>
    <file compressed="true">data/tabby/Create.sql</file>
    <file compressed="true">data/tabby/Update1.sql</file>
    <file compressed="true">data/tabby/Update2.sql</file>
    <file compressed="true" preprocess="xml-stripblanks">ui/about.ui</file>
    <file compressed="true" preprocess="xml-stripblanks">ui/bookmarks-button.ui</file>
    <file compressed="true" preprocess="xml-stripblanks">ui/browser.ui</file>
    <file compressed="true" preprocess="xml-stripblanks">ui/clear-private-data.ui</file>
    <file compressed="true" preprocess="xml-stripblanks">ui/download-button.ui</file>
    <file compressed="true" preprocess="xml-stripblanks">ui/download-row.ui</file>
    <file compressed="true" preprocess="xml-stripblanks">ui/navigationbar.ui</file>
    <file compressed="true" preprocess="xml-stripblanks">ui/network-check.ui</file>
    <file compressed="true" preprocess="xml-stripblanks">ui/preferences.ui</file>
    <file compressed="true" preprocess="xml-stripblanks">ui/suggestion-row.ui</file>
    <file compressed="true" preprocess="xml-stripblanks">ui/tab.ui</file>
    <file compressed="true" preprocess="xml-stripblanks">ui/tally.ui</file>
    <file compressed="true" preprocess="xml-stripblanks">ui/urlbar.ui</file>
  </gresource>
</gresources>
