<!DOCTYPE node PUBLIC "-//freedesktop//DTD D-BUS Object Introspection 1.0//EN" "http://www.freedesktop.org/standards/dbus/1.0/introspect.dtd">
<!-- DON'T EDIT THIS FILE, EDIT THE ADAPTOR -->
<node>
  <interface name="org.kde.Konqueror.Main">
    <signal name="reparseConfiguration">
    </signal>
    <method name="openBrowserWindow">
      <arg type="o" direction="out"/>
      <arg name="url" type="s" direction="in"/>
      <arg name="startup_id" type="ay" direction="in"/>
    </method>
    <method name="createNewWindow">
      <arg type="o" direction="out"/>
      <arg name="url" type="s" direction="in"/>
      <arg name="mimetype" type="s" direction="in"/>
      <arg name="startup_id" type="ay" direction="in"/>
      <arg name="tempFile" type="b" direction="in"/>
    </method>
    <method name="createNewWindowWithSelection">
      <arg type="o" direction="out"/>
      <arg name="url" type="s" direction="in"/>
      <arg name="filesToSelect" type="as" direction="in"/>
      <arg name="startup_id" type="ay" direction="in"/>
    </method>
    <method name="windowForTab">
      <arg type="o" direction="out"/>
    </method>
    <method name="addToCombo">
      <arg name="url" type="s" direction="in"/>
    </method>
    <method name="removeFromCombo">
      <arg name="url" type="s" direction="in"/>
    </method>
    <method name="comboCleared">
    </method>
  </interface>
</node>
