<!DOCTYPE node PUBLIC "-//freedesktop//DTD D-BUS Object Introspection 1.0//EN" "http://www.freedesktop.org/standards/dbus/1.0/introspect.dtd">
<node>
  <interface name="org.kde.Konqueror.UndoManager">
    <signal name="notifyClosedWindowItem">
      <arg name="title" type="s" direction="out"/>
      <arg name="numTabs" type="i" direction="out"/>
      <arg name="configFileName" type="s" direction="out"/>
      <arg name="configGroup" type="s" direction="out"/>
    </signal>
    <signal name="notifyRemove">
      <arg name="configFileName" type="s" direction="out"/>
      <arg name="configGroup" type="s" direction="out"/>
    </signal>
  </interface>
</node>
